region,explicit
1,11.194263
2,13.007084
3,19.304472
4,16.178055
5,15.936336
6,19.676848
7,16.893722
8,16.221987
9,12.519831
10,38.105221
11,11.939789
12,33.733431
13,16.772851
