region,implict
1,88.805737
2,86.992916
3,80.695528
4,83.821945
5,84.063664
6,80.323152
7,83.106278
8,83.778013
9,87.480169
10,61.894779
11,88.060211
12,66.266569
13,83.227149
