year,west
2011,
2012,
2013,
2014,
2015,16.917241
2016,20.372906
2017,26.033629
2018,30.159153
2019,33.027788
2020,35.939589
2021,31.743426
2022,25.55953
2023,22.207319
